<?xml version="1.0" ?>
<config xmlns:xsi="http://www.w3.org/2001/XMLSchema-instance" xsi:noNamespaceSchemaLocation="urn:magento:module:Magento_Config:etc/system_file.xsd">
	<system>
		<section id="payment">
			<resource>KeyPointers_Net45::config_keypointers_net45</resource>
			<group id="keypointers_net45" sortOrder="10" showInWebsite="1" showInStore="1"
                   showInDefault="1" translate="label">
				<label>NET45 Terms Payment</label>
				<field id="active" type="select" sortOrder="10"
                       showInWebsite="1" showInStore="1" showInDefault="1" translate="label comment">
					<label>Enabled</label>
					<comment>Enable Net45 Payment method</comment>
					<source_model>Magento\Config\Model\Config\Source\Yesno</source_model>
				</field>
				<field id="order_status" type="select" sortOrder="20"
                       showInWebsite="1" showInStore="1" showInDefault="1" translate="label comment">
					<label>New Order Status</label>
					<comment>Immediate status of the order when an order is placed.</comment>
					<source_model>Magento\Sales\Model\Config\Source\Order\Status\NewStatus</source_model>
				</field>
                <field id="sort_order" translate="label" type="text" sortOrder="30"
                       showInDefault="1" showInWebsite="1">
                    <label>Sort Order</label>
                    <frontend_class>validate-number</frontend_class>
                </field>
                <field id="title" translate="label" type="text" sortOrder="40"
                       showInDefault="1" showInWebsite="1" showInStore="1" canRestore="1">
                    <label>Title</label>
                </field>
                <field id="allowspecific" translate="label" type="allowspecific"
                       sortOrder="50" showInDefault="1" showInWebsite="1" canRestore="1">
                    <label>Payment from Applicable Countries</label>
                    <source_model>Magento\Payment\Model\Config\Source\Allspecificcountries</source_model>
                </field>
                <field id="specificcountry" translate="label" type="multiselect"
                       sortOrder="60" showInDefault="1" showInWebsite="1">
                    <label>Payment from Specific Countries</label>
                    <source_model>Magento\Directory\Model\Config\Source\Country</source_model>
                    <can_be_empty>1</can_be_empty>
                </field>
                <field id="min_order_total" translate="label" type="text"
                       sortOrder="70" showInDefault="1" showInWebsite="1">
                    <label>Minimum Order Total</label>
                    <validate>validate-number validate-zero-or-greater</validate>
                </field>
                <field id="max_order_total" translate="label" type="text"
                       sortOrder="80" showInDefault="1" showInWebsite="1">
                    <label>Maximum Order Total</label>
                    <validate>validate-number validate-zero-or-greater</validate>
                </field>
			</group>
		</section>
	</system>
</config>
