<?xml version="1.0"?>
<config xmlns:xsi="http://www.w3.org/2001/XMLSchema-instance"
        xsi:noNamespaceSchemaLocation="urn:magento:framework:ObjectManager/etc/config.xsd">
    <virtualType name="KeyPointersNet45Virtual" type="Magento\Payment\Model\Method\Adapter">
        <arguments>
            <argument name="code" xsi:type="const">KeyPointers\Net45\Model\Payment\Net45::METHOD_CODE</argument>
            <argument name="valueHandlerPool" xsi:type="object">KeyPointersNet45ValueHandlerPool</argument>
            <argument name="validatorPool" xsi:type="object">KeyPointersNet45ValidatorPool</argument>
            <argument name="formBlockType" xsi:type="string">Magento\Payment\Block\Form</argument>
            <argument name="infoBlockType" xsi:type="string">Magento\Payment\Block\Info</argument>
        </arguments>
    </virtualType>
    <virtualType name="KeyPointersNet45Config" type="Magento\Payment\Gateway\Config\Config">
        <arguments>
            <argument name="methodCode" xsi:type="const">KeyPointers\Net45\Model\Payment\Net45::METHOD_CODE</argument>
        </arguments>
    </virtualType>
    <virtualType name="KeyPointersNet45ConfigValueHandler" type="Magento\Payment\Gateway\Config\ConfigValueHandler">
        <arguments>
            <argument name="configInterface" xsi:type="object">KeyPointersNet45Config</argument>
        </arguments>
    </virtualType>
    <virtualType name="KeyPointersNet45ValueHandlerPool" type="Magento\Payment\Gateway\Config\ValueHandlerPool">
        <arguments>
            <argument name="handlers" xsi:type="array">
                <item name="default" xsi:type="string">KeyPointersNet45ConfigValueHandler</item>
            </argument>
        </arguments>
    </virtualType>
    <virtualType name="KeyPointersNet45CountryValidator"
                 type="Magento\Payment\Gateway\Validator\CountryValidator">
        <arguments>
            <argument name="config" xsi:type="object">KeyPointersNet45Config</argument>
        </arguments>
    </virtualType>
    <virtualType name="KeyPointersNet45ValidatorPool" type="Magento\Payment\Gateway\Validator\ValidatorPool">
        <arguments>
            <argument name="validators" xsi:type="array">
                <item name="country" xsi:type="string">KeyPointersNet45CountryValidator</item>
            </argument>
        </arguments>
    </virtualType>
</config>
